sample_id,plant_id,wp_mpa,field_capacity_percent,biomass_dry,height_cm,tiller_count,Dataset
20251024_AN_05_09_rd1-1org,1,-0.740955177,1,1.219,31,7,ORG_A11_RD1
20251024_AN_05_10_rd1-2org,2,-0.654797599,0.95385,1.292,36.5,6,ORG_A11_RD1
20251024_AN_06_01_rd2-3org,3,-0.878807303,0.9077,1.347,32,7,ORG_A11_RD2
20251024_AN_06_02_rd2-4org,4,-0.999427914,0.86155,1.298,36,7,ORG_A11_RD2
20251024_AN_05_12_rd1-6org,6,-1.171743071,0.76925,1.096,34,6,ORG_A11_RD1
20251024_AN_06_03_rd2-7org,7,-0.982196398,0.7231,1.101,33,6,ORG_A11_RD2
20251024_AN_06_04_rd2-8org,8,-0.68926063,0.67695,1.162,33,5,ORG_A11_RD2
20251024_AN_05_11_rd1-9org,9,-1.033890945,0.6308,1.086,30,3,ORG_A11_RD1
20251024_AN_05_07_rd1-12org,12,-1.344058229,0.5385,0.761,31.5,4,ORG_A11_RD1
20251024_AN_06_05_rd2-13org,13,-1.723151575,0.49235,0.764,37,4,ORG_A11_RD2
20251024_AN_05_08_rd1-15org,15,-1.550836418,0.4462,0.688,32,4,ORG_A11_RD1
20251024_AN_05_06_rd1-16org,16,-2.016087343,0.40005,0.656,39.5,4,ORG_A11_RD1
20251024_AN_05_05_rd1-17org,17,-0.861575788,1,1.217,37,6,ORG_A11_RD1
20251024_AN_06_06_rd2-18org,18,-0.982196398,0.95385,1.209,40,5,ORG_A11_RD2
20251024_AN_06_07_rd2-19org,19,-0.930501851,0.9077,1.248,43,6,ORG_A11_RD2
20251024_AN_06_08_rd2-21org,21,-0.964964882,0.86155,1.394,34,6,ORG_A11_RD2
20251024_AN_05_04_rd1-23org,23,-1.033890945,0.8154,1.208,38,5,ORG_A11_RD1
20251024_AN_05_03_rd1-24org,24,-0.861575788,0.76925,1.305,34,5,ORG_A11_RD1
20251024_AN_06_09_rd2-25org,25,-1.292363681,0.7231,1.325,35,7,ORG_A11_RD2
20251024_AN_05_02_rd1-26org,26,-1.13728004,0.67695,1.16,35,6,ORG_A11_RD1
20251024_AN_06_10_rd2-29org,29,-1.240669134,0.58465,0.938,36.5,5,ORG_A11_RD2
20251024_AN_06_11_rd2-30org,30,-1.206206103,0.5385,0.93,36,6,ORG_A11_RD2
20251024_AN_05_01_rd1-31org,31,-1.37852126,0.49235,0.785,32,5,ORG_A11_RD1
20251023_AN_05_00_rd1-32org,32,-1.412984292,0.4462,0.816,33,5,ORG_A11_RD1
