group,plant id,block,treatment,ten_min_choice,one_hr_choice,total aphid count,WP Mpa,height_mm,tiller,biomass_g
5,1,1,ms,0,0,60,-1.620265034,365,9,1.299
5,8,1,hs,1,1,10,-1.861581103,295,5,0.45
4,10,1,ms,1,1,88,-1.447896413,305,8,0.905
7,11,1,hs,0,0,26,-1.792633655,290,4,0.637
2,13,1,ms,0,0,102,-1.551317586,335,9,1.236
3,14,1,hs,0,0,8,-2.068423448,290,4,0.575
2,16,1,ww,1,1,112,-1.430659551,420,9,1.683
4,17,1,ww,0,0,93,-1.465133275,310,14,1.208
7,20,1,ms,1,1,113,-1.568554448,300,5,0.788
2,22,1,hs,0,0,23,-1.827107379,300,5,0.513
6,23,1,hs,0,0,17,-1.654738758,320,8,0.773
1,28,1,ms,0,0,74,-1.965002275,305,5,0.345
6,29,1,ww,0,0,72,-1.482370137,340,9,0.996
6,31,1,ms,0,0,116,-1.378948965,360,10,1.05
1,33,1,ww,0,0,86,-1.447896413,360,7,
7,36,1,ww,0,0,102,-1.344475241,405,9,1.371
3,38,1,ww,1,1,69,-1.447896413,345,10,1.394
3,44,1,ms,0,0,68,-1.551317586,345,8,1.2
4,46,1,hs,0,0,12,-1.930528551,300,5,0.742
5,49,1,ww,0,0,77,-1.637501896,340,9,1.473
1,52,1,hs,0,0,6,-1.982239137,285,6,0.672
16,1,2,ms,1,0,55,-0.965264276,470,7,2.659
17,2,2,ms,0,0,59,-1.275527793,460,4,1.708
9,3,2,ms,0,0,35,-1.258290931,450,3,1.458
16,6,2,ww,0,1,60,-1.137632896,520,6,2.449
9,7,2,hs,0,0,37,-1.67197562,360,4,1.02
15,8,2,ww,0,0,59,-1.103159172,405,7,1.969
21,9,2,ms,0,1,102,-1.447896413,455,4,1.76
14,10,2,ww,1,1,56,-1.327238379,400,9,2.149
21,11,2,hs,0,0,75,-1.58579131,410,4,1.369
8,12,2,hs,0,1,30,-1.327238379,390,4,1.176
20,13,2,hs,1,1,72,-1.740923068,420,4,1.871
12,14,2,ms,0,0,45,-1.051448586,415,5,1.556
17,15,2,ww,0,0,79,-1.154869758,440,5,2.175
13,16,2,ww,0,0,54,-1.465133275,410,5,1.878
20,17,2,ww,0,0,84,-1.275527793,440,5,1.276
12,19,2,ww,1,1,48,-1.08592231,410,7,2.023
19,21,2,hs,0,0,71,-1.758159931,440,4,1.234
18,22,2,ms,0,0,68,-1.189343482,510,6,2.061
11,24,2,ms,0,1,45,-1.17210662,545,5,2.145
10,25,2,ms,0,0,38,-1.051448586,500,6,2.085
14,26,2,hs,0,0,54,-1.223817207,520,4,1.912
10,28,2,hs,0,0,43,-1.499607,420,3,1.129
11,29,2,ww,0,0,47,-1.258290931,450,5,1.987
13,30,2,hs,0,0,51,-1.516843862,445,3,1.066
19,32,2,ms,1,1,79,-1.413422689,415,5,1.404
19,34,2,ww,0,0,80,-1.068685448,550,4,1.56
10,36,2,ww,1,1,46,-1.361712103,435,5,1.957
15,37,2,hs,0,0,54,-1.516843862,435,3,1.505
14,38,2,ms,0,0,52,-1.206580344,510,2,1.634
20,40,2,ms,0,0,86,-1.327238379,490,4,1.919
17,41,2,hs,1,1,56,-1.723686206,465,3,1.535
12,43,2,hs,0,0,44,-1.430659551,360,2,0.837
8,46,2,ms,1,0,32,-1.292764655,550,4,2.478
18,47,2,ww,1,1,79,-1.068685448,480,6,2.148
18,49,2,hs,0,0,62,-1.568554448,430,5,1.677
21,50,2,ww,1,0,84,-1.206580344,520,6,2.154
15,53,2,ms,1,1,52,-1.258290931,490,4,1.932
13,54,2,ms,1,1,45,-0.758421931,520,5,2.131
8,57,2,ww,0,0,30,-1.241054069,520,4,2.124
11,58,2,hs,0,0,43,-1.775396793,430,4,1.288
9,63,2,ww,0,0,44,-0.965264276,500,6,2.159
16,64,2,hs,0,0,55,-1.378948965,490,3,1.711
28,1,3,ms,1,1,43,-1.482370137,385,7,1.018
30,2,3,ms,0,0,42,-1.603028172,425,6,0.763
30,3,3,ww,1,1,65,-1.482370137,389,7,0.915
31,4,3,hs,0,0,18,-1.758159931,396,3,0.338
27,5,3,ms,0,1,44,-1.654738758,396,7,0.742
29,6,3,ww,0,0,7,-1.58579131,401,7,0.989
23,8,3,hs,0,0,65,-1.878817965,290,5,0.484
34,9,3,ww,1,1,29,-1.58579131,356,9,1.14
27,10,3,hs,0,0,29,-1.482370137,397,5,0.491
29,11,3,hs,0,0,24,-1.896054827,395,4,0.631
25,12,3,hs,0,0,34,-1.999475999,417,4,0.808
27,13,3,ww,0,0,71,-1.310001517,391,7,1.041
26,14,3,hs,0,0,31,-1.792633655,389,4,0.571
26,15,3,ww,1,1,74,-1.241054069,389,7,0.856
32,16,3,hs,0,0,13,-1.965002275,386,3,0.504
25,17,3,ms,0,1,59,-1.58579131,357,5,0.771
34,18,3,hs,0,0,3,-2.137370896,361,3,0.34
32,19,3,ms,0,0,40,-1.58579131,366,4,0.514
22,20,3,ms,0,0,72,-1.58579131,305,4,0.607
23,21,3,ms,0,0,64,-1.378948965,350,4,0.488
24,22,3,ms,0,0,63,-1.516843862,213,6,0.99
25,23,3,ww,0,0,77,-1.58579131,428,9,1.056
35,24,3,ms,1,1,16,-1.154869758,376,3,0.406
34,25,3,ms,0,0,38,-1.482370137,382,6,1.027
23,26,3,ww,0,1,106,-1.516843862,335,5,0.753
30,27,3,hs,0,0,19,-1.706449344,345,3,0.321
35,28,3,ww,0,0,36,-1.430659551,391,7,0.817
24,29,3,ww,1,1,89,-1.620265034,400,7,0.811
31,30,3,ww,1,1,57,-1.482370137,391,7,0.895
31,32,3,ms,0,0,41,-1.551317586,411,5,0.823
35,33,3,hs,0,0,1,-1.861581103,405,3,0.382
28,34,3,ww,0,0,66,-1.516843862,387,7,0.887
32,35,3,ww,0,0,51,-1.447896413,406,8,1.378
29,36,3,ms,0,0,43,-1.689212482,396,5,0.643
22,37,3,ww,1,1,115,-1.654738758,350,6,0.751
24,38,3,hs,0,0,43,-1.861581103,395,3,0.384
33,39,3,ms,0,0,39,-1.620265034,418,4,0.698
26,41,3,ms,0,0,46,-1.654738758,398,5,0.675
33,42,3,ww,1,1,39,-1.58579131,417,7,0.821
33,43,3,hs,0,0,11,-2.033949724,378,3,0.452
28,44,3,hs,0,0,28,-1.58579131,411,4,0.488
22,45,3,hs,0,0,96,-1.965002275,391,2,0.472
