group,plant id,block,treatment,ten_min_choice,one_hr_choice,total aphid count,avg wp,height_mm,tiller,
1,52,1,hs,0,0,6,287.5,285,6,
1,28,1,ms,0,0,74,285,305,5,
1,33,1,ww,0,0,86,210,360,7,
2,22,1,hs,0,0,23,265,300,5,
2,13,1,ms,0,0,102,225,335,9,
2,16,1,ww,1,1,112,207.5,420,9,
3,14,1,hs,0,0,8,300,290,4,
3,44,1,ms,0,0,68,225,345,8,
3,38,1,ww,1,1,69,210,345,10,
4,46,1,hs,0,0,12,280,300,5,
4,10,1,ms,1,1,88,210,305,8,
4,17,1,ww,0,0,93,212.5,310,14,
5,8,1,hs,1,1,10,270,295,5,
5,1,1,ms,0,0,60,235,365,9,
5,49,1,ww,0,0,77,237.5,340,9,
6,23,1,hs,0,0,17,240,320,8,
6,31,1,ms,0,0,116,200,360,10,
6,29,1,ww,0,0,72,215,340,9,
7,11,1,hs,0,0,26,260,290,4,
7,20,1,ms,1,1,113,227.5,300,5,
7,36,1,ww,0,0,102,195,405,9,
8,12,2,hs,0,1,30,192.5,390,4,
8,46,2,ms,1,0,32,187.5,550,4,
8,57,2,ww,0,0,30,180,520,4,
9,7,2,hs,0,0,37,242.5,360,4,
9,3,2,ms,0,0,35,182.5,450,3,
9,63,2,ww,0,0,44,140,500,6,
10,28,2,hs,0,0,43,217.5,420,3,
10,25,2,ms,0,0,38,152.5,500,6,
10,36,2,ww,1,1,46,197.5,435,5,
11,58,2,hs,0,0,43,257.5,430,4,
11,24,2,ms,0,1,45,170,545,5,
11,29,2,ww,0,0,47,182.5,450,5,
12,43,2,hs,0,0,44,207.5,360,2,
12,14,2,ms,0,0,45,152.5,415,5,
12,19,2,ww,1,1,48,157.5,410,7,
13,30,2,hs,0,0,51,220,445,3,
13,54,2,ms,1,1,45,110,520,5,
13,16,2,ww,0,0,54,212.5,410,5,
14,26,2,hs,0,0,54,177.5,520,4,
14,38,2,ms,0,0,52,175,510,2,
14,10,2,ww,1,1,56,192.5,400,9,
15,37,2,hs,0,0,54,220,435,3,
15,53,2,ms,1,1,52,182.5,490,4,
15,8,2,ww,0,0,59,160,405,7,
16,64,2,hs,0,0,55,200,490,3,
16,1,2,ms,1,0,55,140,470,7,
16,6,2,ww,0,1,60,165,520,6,
17,41,2,hs,1,1,56,250,465,3,
17,2,2,ms,0,0,59,185,460,4,
17,15,2,ww,0,0,79,167.5,440,5,
18,49,2,hs,0,0,62,227.5,430,5,
18,22,2,ms,0,0,68,172.5,510,6,
18,47,2,ww,1,1,79,155,480,6,
19,21,2,hs,0,0,71,255,440,4,
19,32,2,ms,1,1,79,205,415,5,
19,34,2,ww,0,0,80,155,550,4,
20,13,2,hs,1,1,72,252.5,420,4,
20,40,2,ms,0,0,86,192.5,490,4,
20,17,2,ww,0,0,84,185,440,5,
21,11,2,hs,0,0,75,230,410,4,
21,9,2,ms,0,1,102,210,455,4,
21,50,2,ww,1,0,84,175,520,6,
22,45,3,hs,0,0,96,285,391,2,
22,20,3,ms,0,0,72,230,305,4,
22,37,3,ww,1,1,115,240,350,6,
23,8,3,hs,0,0,65,272.5,290,5,
23,21,3,ms,0,0,64,200,350,4,
23,26,3,ww,0,1,106,220,335,5,
24,38,3,hs,0,0,43,270,395,3,
24,22,3,ms,0,0,63,220,213,6,
24,29,3,ww,1,1,89,235,400,7,
25,12,3,hs,0,0,34,290,417,4,
25,17,3,ms,0,1,59,230,357,5,
25,23,3,ww,0,0,77,230,428,9,
26,14,3,hs,0,0,31,260,389,4,
26,41,3,ms,0,0,46,240,398,5,
26,15,3,ww,1,1,74,180,389,7,
27,10,3,hs,0,0,29,215,397,5,
27,5,3,ms,0,1,44,240,396,7,
27,13,3,ww,0,0,71,190,391,7,
28,44,3,hs,0,0,28,230,411,4,
28,1,3,ms,1,1,43,215,385,7,
28,34,3,ww,0,0,66,220,387,7,
29,11,3,hs,0,0,24,275,395,4,
29,36,3,ms,0,0,43,245,396,5,
29,6,3,ww,0,0,7,230,401,7,
30,27,3,hs,0,0,19,247.5,345,3,
30,2,3,ms,0,0,42,232.5,425,6,
30,3,3,ww,1,1,65,215,389,7,
31,4,3,hs,0,0,18,255,396,3,
31,32,3,ms,0,0,41,225,411,5,
31,30,3,ww,1,1,57,215,391,7,
32,16,3,hs,0,0,13,285,386,3,
32,19,3,ms,0,0,40,230,366,4,
32,35,3,ww,0,0,51,210,406,8,
33,43,3,hs,0,0,11,295,378,3,
33,39,3,ms,0,0,39,235,418,4,
33,42,3,ww,1,1,39,230,417,7,
34,18,3,hs,0,0,3,310,361,3,
34,25,3,ms,0,0,38,215,382,6,
34,9,3,ww,1,1,29,230,356,9,
35,33,3,hs,0,0,1,270,405,3,
35,24,3,ms,1,1,16,167.5,376,3,
35,28,3,ww,0,0,36,207.5,391,7,